
{
  "addons": {
    "bypasspaywalls@bypasspaywalls.weebly.com": {
      "updates": [
        { "version": "1.4.5",
            "update_link": "https://github.com/iamadamdev/bypass-paywalls-firefox/releases/download/v1.4.5/bypass_paywalls-1.4.5-an+fx.xpi" },
        { "version": "1.4.6",
            "update_link": "https://github.com/iamadamdev/bypass-paywalls-firefox/releases/download/v1.4.6/bypass_paywalls-1.4.6-an+fx.xpi" },
        { "version": "1.4.7",
            "update_link": "https://github.com/iamadamdev/bypass-paywalls-firefox/releases/download/v1.4.7/bypass_paywalls-1.4.7-an+fx.xpi" },
        { "version": "1.4.8",
            "update_link": "https://github.com/iamadamdev/bypass-paywalls-firefox/releases/download/v1.4.8/bypass_paywalls-1.4.8-an+fx.xpi" },
        { "version": "1.4.9",
            "update_link": "https://github.com/iamadamdev/bypass-paywalls-firefox/releases/download/v1.4.9/bypass_paywalls-1.4.9-an+fx.xpi" },
        { "version": "1.5.0",
            "update_link": "https://github.com/iamadamdev/bypass-paywalls-firefox/releases/download/v1.5.0/bypass_paywalls-1.5.0-an+fx.xpi" },
        { "version": "1.5.1",
            "update_link": "https://github.com/iamadamdev/bypass-paywalls-firefox/releases/download/v1.5.1/bypass_paywalls-1.5.1-an+fx.xpi" },
        { "version": "1.5.2",
            "update_link": "https://github.com/iamadamdev/bypass-paywalls-firefox/releases/download/v1.5.2/bypass_paywalls-1.5.2-an+fx.xpi" },
        { "version": "1.5.3",
            "update_link": "https://github.com/iamadamdev/bypass-paywalls-firefox/releases/download/v1.5.3/bypass_paywalls-1.5.3-an+fx.xpi" },
        { "version": "1.5.5",
            "update_link": "https://github.com/iamadamdev/bypass-paywalls-firefox/releases/download/v1.5.5/bypass_paywalls-1.5.5-an+fx.xpi" },
        { "version": "1.5.6",
            "update_link": "https://github.com/iamadamdev/bypass-paywalls-firefox/releases/download/v1.5.6/bypass_paywalls-1.5.6-an+fx.xpi" },
        { "version": "1.5.7",
            "update_link": "https://github.com/iamadamdev/bypass-paywalls-firefox/releases/download/v1.5.7/bypass_paywalls-1.5.7-an+fx.xpi" },
        { "version": "1.5.8",
            "update_link": "https://github.com/iamadamdev/bypass-paywalls-firefox/releases/download/v1.5.8/bypass_paywalls-1.5.8-an+fx.xpi" },
        { "version": "1.5.9",
            "update_link": "https://github.com/iamadamdev/bypass-paywalls-firefox/releases/download/v1.5.9/bypass_paywalls-1.5.9-an+fx.xpi" },
        { "version": "1.6.0",
            "update_link": "https://github.com/iamadamdev/bypass-paywalls-firefox/releases/download/v1.6.0/bypass_paywalls-1.6.0-an+fx.xpi" },
        { "version": "1.6.2",
            "update_link": "https://github.com/iamadamdev/bypass-paywalls-firefox/releases/download/v1.6.2/bypass_paywalls-1.6.2-an+fx.xpi" },
        { "version": "1.6.3",
            "update_link": "https://github.com/iamadamdev/bypass-paywalls-firefox/releases/download/v1.6.3/bypass_paywalls-1.6.3-an+fx.xpi" },
        { "version": "1.6.4",
            "update_link": "https://github.com/iamadamdev/bypass-paywalls-firefox/releases/download/v1.6.4/bypass_paywalls-1.6.4-an+fx.xpi" },
        { "version": "1.6.5",
            "update_link": "https://github.com/iamadamdev/bypass-paywalls-firefox/releases/download/v1.6.5/bypass_paywalls-1.6.5-an+fx.xpi" },
        { "version": "1.6.6",
            "update_link": "https://github.com/iamadamdev/bypass-paywalls-firefox/releases/download/v1.6.6/bypass_paywalls-1.6.6-an+fx.xpi" },
        { "version": "1.6.9",
            "update_link": "https://github.com/iamadamdev/bypass-paywalls-firefox/releases/download/v1.6.9/bypass_paywalls-1.6.9-an+fx.xpi" },
        { "version": "1.7.2",
            "update_link": "https://github.com/iamadamdev/bypass-paywalls-chrome/releases/download/v1.7.2/bypass-paywalls-firefox.xpi" }
        ]
    }
  }
}
